-- MySQL Database Backup
-- Database: pharmacy_db
-- Date: 2025-11-24 23:37:16
-- Generated by Pharmacy Management System

SET NAMES utf8mb4;
SET FOREIGN_KEY_CHECKS = 0;

-- ----------------------------
-- Table structure for medicine
-- ----------------------------
DROP TABLE IF EXISTS `medicine`;
CREATE TABLE `medicine` (
  `id` int(11) NOT NULL AUTO_INCREMENT,
  `name` varchar(100) COLLATE utf8mb4_unicode_ci NOT NULL,
  `generic_name` varchar(100) COLLATE utf8mb4_unicode_ci DEFAULT NULL,
  `approval_number` varchar(50) COLLATE utf8mb4_unicode_ci DEFAULT NULL,
  `specification` varchar(100) COLLATE utf8mb4_unicode_ci NOT NULL,
  `dosage_form` varchar(50) COLLATE utf8mb4_unicode_ci DEFAULT NULL,
  `manufacturer` varchar(200) COLLATE utf8mb4_unicode_ci DEFAULT NULL,
  `category_id` int(11) DEFAULT NULL,
  `unit_id` int(11) DEFAULT NULL,
  `is_prescription` int(11) DEFAULT NULL,
  `stock` int(11) DEFAULT NULL,
  `min_stock` int(11) DEFAULT NULL,
  `retail_price` float DEFAULT NULL,
  `create_time` datetime DEFAULT NULL,
  `remark` varchar(500) COLLATE utf8mb4_unicode_ci DEFAULT NULL,
  PRIMARY KEY (`id`),
  UNIQUE KEY `uq_medicine_name_spec` (`name`,`specification`),
  UNIQUE KEY `approval_number` (`approval_number`),
  KEY `category_id` (`category_id`),
  KEY `unit_id` (`unit_id`),
  KEY `idx_medicine_name` (`name`),
  KEY `ix_medicine_name` (`name`)
) ENGINE=MyISAM AUTO_INCREMENT=52 DEFAULT CHARSET=utf8mb4 COLLATE=utf8mb4_unicode_ci;

-- ----------------------------
-- Records of medicine
-- ----------------------------
INSERT INTO `medicine` VALUES (1, '阿莫西林胶囊', '阿莫西林', '国药准字H81286891', '10mg*12片', '片剂', '哈药集团制药厂', 4, 6, 0, 88, 18, 104.7, '2024-12-19 07:46:08', '用于发热治疗');
INSERT INTO `medicine` VALUES (2, '头孢克肟片', '头孢克肟', '国药准字H47653125', '10mg*12片', '胶囊', '华北制药股份有限公司', 1, 4, 0, 226, 33, 74.73, '2025-04-23 16:21:58', '用于炎症治疗');
INSERT INTO `medicine` VALUES (3, '布洛芬缓释胶囊', '布洛芬缓释', '国药准字H19096056', '10mg*12片', '颗粒', '广州白云山制药股份有限公司', 1, 3, 1, 405, 36, 106.87, '2025-10-18 00:49:52', '用于感冒治疗');
INSERT INTO `medicine` VALUES (4, '感冒灵颗粒', '感冒灵', '国药准字H87117461', '10mg*12片', '注射液', '云南白药集团股份有限公司', 1, 1, 0, 475, 34, 128.62, '2024-12-09 20:55:42', '用于炎症治疗');
INSERT INTO `medicine` VALUES (5, '板蓝根颗粒', '板蓝根', '国药准字H89557282', '10mg*12片', '口服液', '石药集团有限公司', 4, 8, 0, 261, 50, 60.18, '2025-11-10 13:51:10', '用于发热治疗');
INSERT INTO `medicine` VALUES (6, '复方氨酚烷胺片', '复方氨酚烷胺', '国药准字H28054637', '10mg*12片', '软膏', '哈药集团制药厂', 1, 5, 1, 535, 45, 150.0, '2025-01-30 17:02:47', '用于发热治疗');
INSERT INTO `medicine` VALUES (7, '维生素C片', '维生素C', '国药准字H34275957', '10mg*12片', '软膏', '华北制药股份有限公司', 3, 4, 1, 157, 33, 149.15, '2025-09-24 13:37:18', '用于炎症治疗');
INSERT INTO `medicine` VALUES (8, '阿司匹林肠溶片', '阿司匹林肠溶', '国药准字H94922853', '10mg*12片', '软膏', '云南白药集团股份有限公司', 5, 6, 0, 103, 38, 30.03, '2025-04-29 22:54:17', '用于发热治疗');
INSERT INTO `medicine` VALUES (9, '氨溴索口服液', '氨溴索口服液', '国药准字H12071848', '10mg*12片', '颗粒', '云南白药集团股份有限公司', 4, 7, 0, 162, 15, 95.29, '2025-07-01 19:23:08', '用于高血压治疗');
INSERT INTO `medicine` VALUES (10, '左氧氟沙星片', '左氧氟沙星', '国药准字H91183443', '10mg*12片', '胶囊', '哈药集团制药厂', 2, 7, 0, 396, 38, 82.77, '2025-11-16 17:44:58', '用于高血压治疗');
INSERT INTO `medicine` VALUES (11, '罗红霉素胶囊', '罗红霉素', '国药准字H28484427', '10mg*12片', '颗粒', '广州白云山制药股份有限公司', 3, 6, 1, 337, 38, 70.57, '2025-07-23 18:37:21', '用于炎症治疗');
INSERT INTO `medicine` VALUES (12, '盐酸二甲双胍片', '盐酸二甲双胍', '国药准字H61947723', '10mg*12片', '颗粒', '哈药集团制药厂', 4, 5, 1, 434, 20, 79.53, '2025-05-29 05:42:37', '用于炎症治疗');
INSERT INTO `medicine` VALUES (13, '硝苯地平缓释片', '硝苯地平缓释', '国药准字H74206665', '10mg*12片', '颗粒', '石药集团有限公司', 4, 2, 1, 193, 21, 192.96, '2025-03-30 16:45:57', '用于感冒治疗');
INSERT INTO `medicine` VALUES (14, '阿托伐他汀钙片', '阿托伐他汀钙', '国药准字H46746639', '10mg*12片', '颗粒', '云南白药集团股份有限公司', 2, 6, 1, 345, 40, 192.13, '2025-06-20 04:07:51', '用于感冒治疗');
INSERT INTO `medicine` VALUES (15, '奥美拉唑肠溶胶囊', '奥美拉唑肠溶', '国药准字H11852785', '10mg*12片', '口服液', '华北制药股份有限公司', 2, 7, 1, 275, 20, 149.02, '2024-11-25 11:31:38', '用于发热治疗');
INSERT INTO `medicine` VALUES (16, '阿莫西林胶囊', '阿莫西林', '国药准字H60475678', '20mg*24片', '软膏', '云南白药集团股份有限公司', 4, 5, 0, 308, 26, 194.51, '2025-01-16 02:02:39', '用于糖尿病治疗');
INSERT INTO `medicine` VALUES (17, '头孢克肟片', '头孢克肟', '国药准字H89439351', '20mg*24片', '口服液', '石药集团有限公司', 3, 1, 1, 377, 27, 15.65, '2025-04-26 05:29:34', '用于高血压治疗');
INSERT INTO `medicine` VALUES (18, '布洛芬缓释胶囊', '布洛芬缓释', '国药准字H26560295', '20mg*24片', '口服液', '华北制药股份有限公司', 2, 2, 0, 572, 47, 120.1, '2024-12-07 15:53:30', '用于发热治疗');
INSERT INTO `medicine` VALUES (19, '感冒灵颗粒', '感冒灵', '国药准字H59219758', '20mg*24片', '软膏', '哈药集团制药厂', 1, 2, 0, 186, 35, 63.98, '2025-09-03 01:21:51', '用于高血压治疗');
INSERT INTO `medicine` VALUES (20, '板蓝根颗粒', '板蓝根', '国药准字H19970834', '20mg*24片', '片剂', '云南白药集团股份有限公司', 5, 3, 0, 480, 12, 58.96, '2025-06-17 23:18:49', '用于发热治疗');
INSERT INTO `medicine` VALUES (21, '复方氨酚烷胺片', '复方氨酚烷胺', '国药准字H92777432', '20mg*24片', '片剂', '华北制药股份有限公司', 3, 8, 1, 412, 17, 39.63, '2025-10-10 22:44:15', '用于感冒治疗');
INSERT INTO `medicine` VALUES (22, '维生素C片', '维生素C', '国药准字H80161436', '20mg*24片', '颗粒', '云南白药集团股份有限公司', 4, 8, 0, 378, 43, 157.7, '2025-08-24 15:17:41', '用于感冒治疗');
INSERT INTO `medicine` VALUES (23, '阿司匹林肠溶片', '阿司匹林肠溶', '国药准字H22108941', '20mg*24片', '颗粒', '云南白药集团股份有限公司', 3, 5, 1, 210, 31, 122.02, '2025-09-28 16:36:23', '用于高血压治疗');
INSERT INTO `medicine` VALUES (24, '氨溴索口服液', '氨溴索口服液', '国药准字H27891462', '20mg*24片', '胶囊', '哈药集团制药厂', 5, 2, 1, 511, 41, 167.2, '2025-03-20 05:31:29', '用于高血压治疗');
INSERT INTO `medicine` VALUES (25, '左氧氟沙星片', '左氧氟沙星', '国药准字H96417348', '20mg*24片', '口服液', '石药集团有限公司', 2, 5, 1, 218, 40, 138.09, '2025-01-12 10:03:52', '用于发热治疗');
INSERT INTO `medicine` VALUES (26, '罗红霉素胶囊', '罗红霉素', '国药准字H83869868', '20mg*24片', '软膏', '石药集团有限公司', 3, 7, 1, 322, 11, 154.56, '2025-01-25 09:52:51', '用于糖尿病治疗');
INSERT INTO `medicine` VALUES (27, '盐酸二甲双胍片', '盐酸二甲双胍', '国药准字H58754985', '20mg*24片', '软膏', '云南白药集团股份有限公司', 3, 8, 0, 215, 22, 147.31, '2025-06-08 16:21:47', '用于发热治疗');
INSERT INTO `medicine` VALUES (28, '硝苯地平缓释片', '硝苯地平缓释', '国药准字H41930508', '20mg*24片', '胶囊', '哈药集团制药厂', 1, 1, 0, 342, 10, 39.75, '2025-09-10 18:20:38', '用于糖尿病治疗');
INSERT INTO `medicine` VALUES (29, '阿托伐他汀钙片', '阿托伐他汀钙', '国药准字H42243197', '20mg*24片', '注射液', '石药集团有限公司', 3, 4, 1, 633, 42, 63.69, '2025-04-30 05:29:17', '用于炎症治疗');
INSERT INTO `medicine` VALUES (30, '奥美拉唑肠溶胶囊', '奥美拉唑肠溶', '国药准字H38370233', '20mg*24片', '口服液', '华北制药股份有限公司', 5, 6, 0, 358, 18, 171.67, '2025-06-08 18:33:03', '用于发热治疗');
INSERT INTO `medicine` VALUES (31, '阿莫西林胶囊', '阿莫西林', '国药准字H20182063', '500mg*10粒', '片剂', '石药集团有限公司', 1, 8, 0, 416, 28, 69.47, '2025-03-17 09:52:22', '用于糖尿病治疗');
INSERT INTO `medicine` VALUES (32, '头孢克肟片', '头孢克肟', '国药准字H40755760', '500mg*10粒', '口服液', '广州白云山制药股份有限公司', 4, 4, 1, 203, 36, 143.78, '2025-06-09 00:01:49', '用于发热治疗');
INSERT INTO `medicine` VALUES (33, '布洛芬缓释胶囊', '布洛芬缓释', '国药准字H97286022', '500mg*10粒', '胶囊', '哈药集团制药厂', 2, 6, 1, 382, 26, 68.51, '2025-11-11 12:15:38', '用于炎症治疗');
INSERT INTO `medicine` VALUES (34, '感冒灵颗粒', '感冒灵', '国药准字H49505754', '500mg*10粒', '颗粒', '石药集团有限公司', 4, 8, 1, 171, 19, 38.73, '2025-05-22 00:25:08', '用于炎症治疗');
INSERT INTO `medicine` VALUES (35, '板蓝根颗粒', '板蓝根', '国药准字H40290558', '500mg*10粒', '软膏', '云南白药集团股份有限公司', 4, 1, 1, 465, 11, 14.84, '2025-10-17 15:21:47', '用于高血压治疗');
INSERT INTO `medicine` VALUES (36, '复方氨酚烷胺片', '复方氨酚烷胺', '国药准字H38567514', '500mg*10粒', '颗粒', '华北制药股份有限公司', 5, 7, 0, 387, 49, 120.12, '2025-04-01 16:13:56', '用于高血压治疗');
INSERT INTO `medicine` VALUES (37, '维生素C片', '维生素C', '国药准字H20815712', '500mg*10粒', '胶囊', '广州白云山制药股份有限公司', 5, 4, 0, 520, 11, 109.82, '2025-07-16 16:53:12', '用于高血压治疗');
INSERT INTO `medicine` VALUES (38, '阿司匹林肠溶片', '阿司匹林肠溶', '国药准字H39995403', '500mg*10粒', '软膏', '广州白云山制药股份有限公司', 4, 8, 1, 268, 11, 51.68, '2025-08-14 20:20:36', '用于高血压治疗');
INSERT INTO `medicine` VALUES (39, '氨溴索口服液', '氨溴索口服液', '国药准字H32970505', '500mg*10粒', '颗粒', '广州白云山制药股份有限公司', 2, 5, 0, 374, 22, 65.17, '2025-01-18 06:48:40', '用于发热治疗');
INSERT INTO `medicine` VALUES (40, '左氧氟沙星片', '左氧氟沙星', '国药准字H76632265', '500mg*10粒', '胶囊', '广州白云山制药股份有限公司', 2, 4, 0, 330, 36, 42.36, '2025-07-18 00:18:58', '用于发热治疗');
INSERT INTO `medicine` VALUES (41, '罗红霉素胶囊', '罗红霉素', '国药准字H95638575', '500mg*10粒', '片剂', '石药集团有限公司', 3, 1, 0, 223, 36, 31.29, '2025-09-27 20:08:13', '用于发热治疗');
INSERT INTO `medicine` VALUES (42, '盐酸二甲双胍片', '盐酸二甲双胍', '国药准字H81199489', '500mg*10粒', '颗粒', '哈药集团制药厂', 4, 8, 0, 280, 43, 156.26, '2025-05-10 10:01:18', '用于感冒治疗');
INSERT INTO `medicine` VALUES (43, '硝苯地平缓释片', '硝苯地平缓释', '国药准字H24387684', '500mg*10粒', '口服液', '石药集团有限公司', 2, 7, 1, 249, 39, 192.41, '2025-11-10 21:09:06', '用于糖尿病治疗');
INSERT INTO `medicine` VALUES (44, '阿托伐他汀钙片', '阿托伐他汀钙', '国药准字H22887442', '500mg*10粒', '口服液', '石药集团有限公司', 4, 6, 1, 634, 20, 127.51, '2025-03-25 01:06:24', '用于感冒治疗');
INSERT INTO `medicine` VALUES (45, '奥美拉唑肠溶胶囊', '奥美拉唑肠溶', '国药准字H19989822', '500mg*10粒', '注射液', '哈药集团制药厂', 1, 6, 1, 365, 44, 99.32, '2025-10-15 10:48:36', '用于炎症治疗');
INSERT INTO `medicine` VALUES (46, '阿莫西林胶囊', '阿莫西林', '国药准字H39516449', '100ml/瓶', '片剂', '广州白云山制药股份有限公司', 1, 5, 0, 69, 10, 199.92, '2025-10-04 21:33:41', '用于高血压治疗');
INSERT INTO `medicine` VALUES (47, '头孢克肟片', '头孢克肟', '国药准字H51978848', '100ml/瓶', '胶囊', '云南白药集团股份有限公司', 2, 5, 1, 187, 12, 181.01, '2025-02-05 15:39:14', '用于感冒治疗');
INSERT INTO `medicine` VALUES (48, '布洛芬缓释胶囊', '布洛芬缓释', '国药准字H73388761', '100ml/瓶', '口服液', '石药集团有限公司', 2, 6, 1, 225, 41, 157.54, '2024-11-27 04:05:26', '用于感冒治疗');
INSERT INTO `medicine` VALUES (49, '感冒灵颗粒', '感冒灵', '国药准字H46846183', '100ml/瓶', '口服液', '哈药集团制药厂', 3, 1, 0, 137, 11, 90.05, '2024-12-25 08:02:13', '用于感冒治疗');
INSERT INTO `medicine` VALUES (50, '板蓝根颗粒', '板蓝根', '国药准字H73053026', '100ml/瓶', '胶囊', '云南白药集团股份有限公司', 1, 2, 1, 723, 39, 74.82, '2025-10-26 18:55:14', '用于炎症治疗');

-- ----------------------------
-- Table structure for medicine_category
-- ----------------------------
DROP TABLE IF EXISTS `medicine_category`;
CREATE TABLE `medicine_category` (
  `id` int(11) NOT NULL AUTO_INCREMENT,
  `name` varchar(100) COLLATE utf8mb4_unicode_ci NOT NULL,
  `remark` varchar(200) COLLATE utf8mb4_unicode_ci DEFAULT NULL,
  `create_time` datetime DEFAULT NULL,
  PRIMARY KEY (`id`),
  UNIQUE KEY `name` (`name`)
) ENGINE=MyISAM AUTO_INCREMENT=6 DEFAULT CHARSET=utf8mb4 COLLATE=utf8mb4_unicode_ci;

-- ----------------------------
-- Records of medicine_category
-- ----------------------------
INSERT INTO `medicine_category` VALUES (1, '西药', '西药相关产品', '2025-11-24 22:17:13');
INSERT INTO `medicine_category` VALUES (2, '中成药', '中成药相关产品', '2025-11-24 22:17:13');
INSERT INTO `medicine_category` VALUES (3, '保健品', '保健品相关产品', '2025-11-24 22:17:13');
INSERT INTO `medicine_category` VALUES (4, '医疗器械', '医疗器械相关产品', '2025-11-24 22:17:13');
INSERT INTO `medicine_category` VALUES (5, '中药材', '中药材相关产品', '2025-11-24 22:17:13');

-- ----------------------------
-- Table structure for purchase
-- ----------------------------
DROP TABLE IF EXISTS `purchase`;
CREATE TABLE `purchase` (
  `purchase_id` varchar(50) COLLATE utf8mb4_unicode_ci NOT NULL,
  `supplier_id` int(11) DEFAULT NULL,
  `warehouse_id` int(11) DEFAULT NULL,
  `purchase_date` date NOT NULL,
  `total_amount` float DEFAULT NULL,
  `remark` text COLLATE utf8mb4_unicode_ci,
  `audit_status` int(11) DEFAULT NULL,
  `create_time` datetime DEFAULT NULL,
  PRIMARY KEY (`purchase_id`),
  KEY `supplier_id` (`supplier_id`),
  KEY `warehouse_id` (`warehouse_id`)
) ENGINE=MyISAM DEFAULT CHARSET=utf8mb4 COLLATE=utf8mb4_unicode_ci;

-- ----------------------------
-- Records of purchase
-- ----------------------------
INSERT INTO `purchase` VALUES ('PC20251124221713472231425', 8, 3, '2025-11-23', 0.0, '业务状态决定.简介中国完全空间城市经营.发表首页帖子游戏.科技女人基本等级经验特别.
责任历史位置功', 1, '2025-11-24 22:17:13');
INSERT INTO `purchase` VALUES ('PC20251124221713481660435', 2, 3, '2025-11-23', 0.0, '使用公司出现目前您的这是.欢迎具有一切完成自己控制这样欢迎.
世界国内这么无法现在相关.国内因此次数', 2, '2025-11-24 22:17:13');
INSERT INTO `purchase` VALUES ('PC20251124221713483746677', 13, 3, '2025-11-23', 0.0, '发展为什有些以后.报告这种加入文化参加主题.软件操作积分学习谢谢.
上海之间一切当然经济.开始是一管', 2, '2025-11-24 22:17:13');
INSERT INTO `purchase` VALUES ('PC20251124221713488957100', 2, 1, '2025-11-23', 0.0, '历史方法以下那个.电子这种什么什么帖子当前没有.这些关于地方商品个人数据工作.
主要那个之间.位置自', 1, '2025-11-24 22:17:13');
INSERT INTO `purchase` VALUES ('PC20251124221713490541999', 5, 2, '2025-11-23', 0.0, '今年学生以后.需要手机不会起来看到.具有简介有关知道具有.
时间更多相关开发公司需要.下载个人是否北', 2, '2025-11-24 22:17:13');
INSERT INTO `purchase` VALUES ('PC20251124221713493846673', 4, 1, '2025-11-23', 0.0, '国际电子广告这种会员密码然后.电话还有得到结果注意全部日期.感觉是一中文作者.
产品他们国内解决国家', 1, '2025-11-24 22:17:13');
INSERT INTO `purchase` VALUES ('PC20251124221713495542935', 8, 3, '2025-11-23', 0.0, '方面威望虽然认为.可是科技学校中心音乐首页影响.
回复阅读而且不要.日期都是不会一直组织内容.
以及', 2, '2025-11-24 22:17:13');
INSERT INTO `purchase` VALUES ('PC20251124221713498719453', 2, 3, '2025-11-23', 0.0, '原因实现质量.电子建设一样同时这是起来.地区本站介绍控制.品牌电子希望一定.
今天但是两个登录.然后', 1, '2025-11-24 22:17:13');
INSERT INTO `purchase` VALUES ('PC20251124221713501543726', 11, 2, '2025-11-23', 0.0, '根据为了会员知道是否.网络规定投资威望开发业务.
一下增加手机类别科技怎么.显示研究今天作者成为一定', 2, '2025-11-24 22:17:14');
INSERT INTO `purchase` VALUES ('PC20251124221713503357055', 5, 2, '2025-11-23', 0.0, '处理可能质量品牌然后最后最新基本.
以下经济发生专业客户其中公司程序.销售完成看到北京.
如何工具认', 1, '2025-11-24 22:17:14');
INSERT INTO `purchase` VALUES ('PC20251124221713506880599', 5, 1, '2025-11-23', 0.0, '商品发展得到介绍文章全国.
客户联系威望中心.法律注册同时这个无法.
进入深圳那么销售.以后也是资源', 1, '2025-11-24 22:17:14');
INSERT INTO `purchase` VALUES ('PC20251124221713509489857', 8, 3, '2025-11-23', 0.0, '程序能力技术经营支持内容学校得到.价格无法经济现在新闻.
密码最大需要然后那么教育类型.他们解决只是', 0, '2025-11-24 22:17:14');
INSERT INTO `purchase` VALUES ('PC20251124221713510771988', 2, 3, '2025-11-23', 0.0, '功能感觉那个文化任何.
一些喜欢安全因为.不会过程系列可是标准主要.比较一点网上他们学习公司以下.大', 1, '2025-11-24 22:17:14');
INSERT INTO `purchase` VALUES ('PC20251124221713512451507', 13, 3, '2025-11-23', 0.0, '电影虽然广告不能影响.主题都是城市之后现在.新闻语言选择认为继续准备应用.
是否参加他们.合作正在帖', 0, '2025-11-24 22:17:14');
INSERT INTO `purchase` VALUES ('PC20251124221713514997276', 14, 3, '2025-11-23', 0.0, '新闻注册而且必须公司计划点击.希望你的非常登录发表回复.
开始自己这样密码喜欢之后一样.介绍有关那个', 1, '2025-11-24 22:17:14');
INSERT INTO `purchase` VALUES ('PC20251124221713515220429', 6, 2, '2025-11-23', 0.0, '一切只有但是客户喜欢类别发现.电影各种网络电子不能拥有.
建设更新经济合作城市非常已经.参加结果上海', 2, '2025-11-24 22:17:14');
INSERT INTO `purchase` VALUES ('PC20251124221713518484759', 9, 1, '2025-11-23', 0.0, '搜索她的报告计划那个作为社区.标准数据音乐那些然后的是.美国现在这个.
她的一些原因.网上如何推荐发', 2, '2025-11-24 22:17:14');
INSERT INTO `purchase` VALUES ('PC20251124221713521306717', 1, 2, '2025-11-23', 0.0, '注意是否行业处理.支持系统社区不是只是在线.
项目电脑等级相关.方面不是广告能力文化.质量不断法律类', 1, '2025-11-24 22:17:14');
INSERT INTO `purchase` VALUES ('PC20251124221713524248342', 8, 2, '2025-11-23', 0.0, '人民标准技术怎么介绍.就是类别不能也是原因怎么.他们说明准备搜索.
看到通过能力标准.系统选择工程广', 2, '2025-11-24 22:17:14');
INSERT INTO `purchase` VALUES ('PC20251124221713524779823', 14, 1, '2025-11-23', 0.0, '开发他们虽然.网络感觉文件工程.过程记者两个类型她的.
单位这样准备选择包括必须有关产品.发表作为怎', 2, '2025-11-24 22:17:14');
INSERT INTO `purchase` VALUES ('PC20251124221713527807595', 6, 1, '2025-11-23', 0.0, '类别虽然分析政府不是.发现重要注意的话制作但是学生.
出来评论关于.世界能够到了文件.
技术自己有些', 1, '2025-11-24 22:17:14');
INSERT INTO `purchase` VALUES ('PC20251124221713529689599', 1, 3, '2025-11-23', 0.0, '类别控制没有.系统全部根据设备的话那个.制作认为朋友说明技术.
合作一样社会.
必须有限深圳时候是一', 2, '2025-11-24 22:17:14');
INSERT INTO `purchase` VALUES ('PC20251124221713531977907', 1, 1, '2025-11-23', 0.0, '手机更新我的帮助现在你的非常.会员怎么他们文件点击提高.她的主要行业我的发展.
实现其他喜欢一下次数', 1, '2025-11-24 22:17:14');
INSERT INTO `purchase` VALUES ('PC20251124221713533395732', 14, 3, '2025-11-23', 0.0, '准备参加到了会员.还有文章国家威望销售.
比较电子正在政府合作可能.北京公司经济报告项目.可能推荐生', 0, '2025-11-24 22:17:14');
INSERT INTO `purchase` VALUES ('PC20251124221713535292532', 13, 3, '2025-11-23', 0.0, '孩子可能任何方法联系其实.空间等级要求投资语言提供.
欢迎活动联系.注册虽然一个推荐的话最新.最后出', 1, '2025-11-24 22:17:14');
INSERT INTO `purchase` VALUES ('PC20251124221713535500087', 14, 1, '2025-11-23', 0.0, '生产国内一定目前内容还有.不能更多位置说明开始.法律知道发布.经济图片类型运行今天.
历史发布进入.', 0, '2025-11-24 22:17:14');
INSERT INTO `purchase` VALUES ('PC20251124221713536990466', 3, 3, '2025-11-23', 0.0, '解决作为单位浏览的话这里.规定国内游戏这么.
不会进入问题介绍.不是控制你们活动社会没有没有.一点只', 1, '2025-11-24 22:17:14');
INSERT INTO `purchase` VALUES ('PC20251124221713540254727', 6, 2, '2025-11-23', 0.0, '留言作品教育只有活动管理还有法律.可能不过计划都是工程作品.直接今年组织解决发展管理活动文章.
规定', 2, '2025-11-24 22:17:14');
INSERT INTO `purchase` VALUES ('PC20251124221713542522659', 6, 1, '2025-11-23', 0.0, '如何直接大学开发只要.可是朋友您的文件.
系列正在软件不能上海到了.有限开始以上世界同时解决.标题注', 1, '2025-11-24 22:17:14');
INSERT INTO `purchase` VALUES ('PC20251124221713545496749', 13, 1, '2025-11-23', 0.0, '记者设备帖子.我们音乐然后计划商品国内.
中心位置介绍觉得因为发生广告.行业如此应该运行.类别比较登', 1, '2025-11-24 22:17:14');

-- ----------------------------
-- Table structure for purchase_detail
-- ----------------------------
DROP TABLE IF EXISTS `purchase_detail`;
CREATE TABLE `purchase_detail` (
  `id` int(11) NOT NULL AUTO_INCREMENT,
  `purchase_id` varchar(50) COLLATE utf8mb4_unicode_ci DEFAULT NULL,
  `medicine_id` int(11) DEFAULT NULL,
  `production_batch` varchar(50) COLLATE utf8mb4_unicode_ci DEFAULT NULL,
  `production_date` date DEFAULT NULL,
  `expiry_date` date DEFAULT NULL,
  `quantity` int(11) NOT NULL,
  `unit_price` float NOT NULL,
  `amount` float DEFAULT NULL,
  PRIMARY KEY (`id`),
  KEY `purchase_id` (`purchase_id`),
  KEY `medicine_id` (`medicine_id`)
) ENGINE=MyISAM AUTO_INCREMENT=75 DEFAULT CHARSET=utf8mb4 COLLATE=utf8mb4_unicode_ci;

-- ----------------------------
-- Records of purchase_detail
-- ----------------------------
INSERT INTO `purchase_detail` VALUES (1, 'PC20251124221713472231425', 34, 'BATCH425204', '2025-02-01', '2026-10-21', 18, 37.37, 672.66);
INSERT INTO `purchase_detail` VALUES (2, 'PC20251124221713472231425', 18, 'BATCH770370', '2024-12-06', '2027-05-03', 67, 271.97, 18222.0);
INSERT INTO `purchase_detail` VALUES (3, 'PC20251124221713481660435', 21, 'BATCH361815', '2025-02-26', '2026-08-10', 90, 49.94, 4494.6);
INSERT INTO `purchase_detail` VALUES (4, 'PC20251124221713483746677', 8, 'BATCH385728', '2025-08-25', '2027-07-08', 24, 123.48, 2963.52);
INSERT INTO `purchase_detail` VALUES (5, 'PC20251124221713483746677', 26, 'BATCH795936', '2025-02-24', '2026-10-16', 17, 330.8, 5623.6);
INSERT INTO `purchase_detail` VALUES (6, 'PC20251124221713483746677', 20, 'BATCH757589', '2025-02-13', '2026-10-03', 59, 469.78, 27717.0);
INSERT INTO `purchase_detail` VALUES (7, 'PC20251124221713488957100', 33, 'BATCH226438', '2025-05-04', '2027-09-12', 51, 41.01, 2091.51);
INSERT INTO `purchase_detail` VALUES (8, 'PC20251124221713490541999', 14, 'BATCH792922', '2025-10-26', '2027-05-29', 50, 244.87, 12243.5);
INSERT INTO `purchase_detail` VALUES (9, 'PC20251124221713490541999', 18, 'BATCH361324', '2024-12-24', '2027-05-25', 27, 18.26, 493.02);
INSERT INTO `purchase_detail` VALUES (10, 'PC20251124221713490541999', 25, 'BATCH955346', '2025-01-19', '2026-07-19', 30, 299.01, 8970.3);
INSERT INTO `purchase_detail` VALUES (11, 'PC20251124221713493846673', 3, 'BATCH561073', '2025-10-23', '2028-07-22', 58, 324.34, 18811.7);
INSERT INTO `purchase_detail` VALUES (12, 'PC20251124221713495542935', 29, 'BATCH354508', '2025-01-06', '2026-07-22', 38, 488.32, 18556.2);
INSERT INTO `purchase_detail` VALUES (13, 'PC20251124221713495542935', 30, 'BATCH682312', '2025-09-15', '2026-12-26', 10, 276.32, 2763.2);
INSERT INTO `purchase_detail` VALUES (14, 'PC20251124221713498719453', 50, 'BATCH833443', '2025-05-02', '2028-03-30', 17, 264.65, 4499.05);
INSERT INTO `purchase_detail` VALUES (15, 'PC20251124221713498719453', 18, 'BATCH882227', '2025-07-26', '2027-01-04', 89, 382.5, 34042.5);
INSERT INTO `purchase_detail` VALUES (16, 'PC20251124221713498719453', 16, 'BATCH429915', '2025-04-25', '2026-06-08', 91, 118.11, 10748.0);
INSERT INTO `purchase_detail` VALUES (17, 'PC20251124221713501543726', 17, 'BATCH659042', '2025-10-29', '2026-11-02', 30, 285.47, 8564.1);
INSERT INTO `purchase_detail` VALUES (18, 'PC20251124221713503357055', 10, 'BATCH195070', '2025-10-09', '2026-10-31', 72, 106.05, 7635.6);
INSERT INTO `purchase_detail` VALUES (19, 'PC20251124221713503357055', 25, 'BATCH601389', '2025-10-30', '2028-08-17', 63, 498.15, 31383.4);
INSERT INTO `purchase_detail` VALUES (20, 'PC20251124221713503357055', 3, 'BATCH134071', '2025-04-14', '2027-09-07', 65, 397.55, 25840.8);
INSERT INTO `purchase_detail` VALUES (21, 'PC20251124221713503357055', 19, 'BATCH555573', '2025-10-25', '2028-03-30', 58, 138.87, 8054.46);
INSERT INTO `purchase_detail` VALUES (22, 'PC20251124221713506880599', 39, 'BATCH738860', '2025-02-05', '2027-10-29', 55, 472.22, 25972.1);
INSERT INTO `purchase_detail` VALUES (23, 'PC20251124221713506880599', 11, 'BATCH319807', '2024-12-31', '2026-05-28', 90, 275.84, 24825.6);
INSERT INTO `purchase_detail` VALUES (24, 'PC20251124221713506880599', 33, 'BATCH874229', '2025-01-18', '2027-05-04', 84, 411.83, 34593.7);
INSERT INTO `purchase_detail` VALUES (25, 'PC20251124221713509489857', 3, 'BATCH473652', '2024-11-24', '2027-08-17', 16, 380.92, 6094.72);
INSERT INTO `purchase_detail` VALUES (26, 'PC20251124221713509489857', 41, 'BATCH870713', '2024-12-22', '2026-06-07', 52, 49.91, 2595.32);
INSERT INTO `purchase_detail` VALUES (27, 'PC20251124221713510771988', 43, 'BATCH924835', '2025-05-02', '2027-11-04', 70, 495.47, 34682.9);
INSERT INTO `purchase_detail` VALUES (28, 'PC20251124221713510771988', 50, 'BATCH950700', '2025-07-18', '2028-02-23', 99, 342.61, 33918.4);
INSERT INTO `purchase_detail` VALUES (29, 'PC20251124221713510771988', 29, 'BATCH859957', '2025-10-23', '2028-10-05', 75, 322.84, 24213.0);
INSERT INTO `purchase_detail` VALUES (30, 'PC20251124221713512451507', 34, 'BATCH464677', '2025-05-07', '2027-09-09', 54, 13.84, 747.36);
INSERT INTO `purchase_detail` VALUES (31, 'PC20251124221713512451507', 36, 'BATCH849334', '2025-04-03', '2027-12-01', 66, 261.51, 17259.7);
INSERT INTO `purchase_detail` VALUES (32, 'PC20251124221713514997276', 50, 'BATCH509792', '2025-10-12', '2027-09-04', 27, 413.0, 11151.0);
INSERT INTO `purchase_detail` VALUES (33, 'PC20251124221713515220429', 38, 'BATCH125205', '2025-01-21', '2026-08-14', 40, 474.16, 18966.4);
INSERT INTO `purchase_detail` VALUES (34, 'PC20251124221713515220429', 25, 'BATCH654706', '2025-11-05', '2028-04-19', 36, 466.73, 16802.3);
INSERT INTO `purchase_detail` VALUES (35, 'PC20251124221713515220429', 49, 'BATCH457751', '2025-02-02', '2027-05-26', 50, 300.72, 15036.0);
INSERT INTO `purchase_detail` VALUES (36, 'PC20251124221713518484759', 47, 'BATCH955917', '2025-08-25', '2028-08-15', 13, 106.14, 1379.82);
INSERT INTO `purchase_detail` VALUES (37, 'PC20251124221713518484759', 28, 'BATCH215010', '2025-02-07', '2026-11-15', 45, 29.99, 1349.55);
INSERT INTO `purchase_detail` VALUES (38, 'PC20251124221713521306717', 37, 'BATCH122928', '2025-09-25', '2027-05-17', 47, 461.73, 21701.3);
INSERT INTO `purchase_detail` VALUES (39, 'PC20251124221713521306717', 6, 'BATCH493374', '2025-07-17', '2026-08-11', 72, 108.01, 7776.72);
INSERT INTO `purchase_detail` VALUES (40, 'PC20251124221713521306717', 43, 'BATCH233831', '2025-04-19', '2028-03-08', 50, 419.03, 20951.5);
INSERT INTO `purchase_detail` VALUES (41, 'PC20251124221713524248342', 20, 'BATCH789975', '2025-10-10', '2027-07-07', 75, 149.12, 11184.0);
INSERT INTO `purchase_detail` VALUES (42, 'PC20251124221713524248342', 50, 'BATCH889788', '2025-03-27', '2027-04-19', 71, 208.37, 14794.3);
INSERT INTO `purchase_detail` VALUES (43, 'PC20251124221713524248342', 43, 'BATCH216521', '2025-02-10', '2026-10-05', 36, 117.21, 4219.56);
INSERT INTO `purchase_detail` VALUES (44, 'PC20251124221713524248342', 6, 'BATCH185962', '2025-01-02', '2027-07-22', 97, 261.0, 25317.0);
INSERT INTO `purchase_detail` VALUES (45, 'PC20251124221713524779823', 23, 'BATCH394309', '2025-06-14', '2026-11-07', 32, 300.94, 9630.08);
INSERT INTO `purchase_detail` VALUES (46, 'PC20251124221713527807595', 19, 'BATCH673112', '2025-09-03', '2028-07-01', 47, 448.33, 21071.5);
INSERT INTO `purchase_detail` VALUES (47, 'PC20251124221713527807595', 21, 'BATCH557855', '2024-12-06', '2027-04-12', 29, 201.87, 5854.23);
INSERT INTO `purchase_detail` VALUES (48, 'PC20251124221713527807595', 23, 'BATCH391481', '2025-04-07', '2026-08-02', 34, 55.08, 1872.72);
INSERT INTO `purchase_detail` VALUES (49, 'PC20251124221713527807595', 5, 'BATCH792985', '2025-10-03', '2027-10-15', 59, 449.53, 26522.3);
INSERT INTO `purchase_detail` VALUES (50, 'PC20251124221713529689599', 39, 'BATCH633285', '2025-10-02', '2027-11-01', 42, 168.24, 7066.08);
INSERT INTO `purchase_detail` VALUES (51, 'PC20251124221713529689599', 46, 'BATCH550112', '2025-07-20', '2027-03-15', 100, 55.13, 5513.0);
INSERT INTO `purchase_detail` VALUES (52, 'PC20251124221713529689599', 26, 'BATCH548280', '2025-05-31', '2026-07-21', 37, 490.4, 18144.8);
INSERT INTO `purchase_detail` VALUES (53, 'PC20251124221713531977907', 29, 'BATCH119014', '2025-02-27', '2027-12-29', 58, 473.38, 27456.0);
INSERT INTO `purchase_detail` VALUES (54, 'PC20251124221713531977907', 44, 'BATCH390135', '2025-07-21', '2027-09-05', 56, 126.58, 7088.48);
INSERT INTO `purchase_detail` VALUES (55, 'PC20251124221713531977907', 19, 'BATCH375962', '2025-09-09', '2026-11-19', 15, 66.69, 1000.35);
INSERT INTO `purchase_detail` VALUES (56, 'PC20251124221713533395732', 32, 'BATCH128567', '2025-06-21', '2027-10-19', 59, 314.1, 18531.9);
INSERT INTO `purchase_detail` VALUES (57, 'PC20251124221713533395732', 32, 'BATCH198844', '2025-04-15', '2027-06-06', 71, 280.0, 19880.0);
INSERT INTO `purchase_detail` VALUES (58, 'PC20251124221713535292532', 36, 'BATCH119951', '2025-07-10', '2026-11-06', 24, 241.63, 5799.12);
INSERT INTO `purchase_detail` VALUES (59, 'PC20251124221713535292532', 50, 'BATCH385871', '2025-08-16', '2027-04-08', 94, 35.11, 3300.34);
INSERT INTO `purchase_detail` VALUES (60, 'PC20251124221713535292532', 17, 'BATCH228056', '2025-04-01', '2027-01-18', 42, 481.38, 20218.0);
INSERT INTO `purchase_detail` VALUES (61, 'PC20251124221713535292532', 10, 'BATCH551913', '2025-04-25', '2027-08-08', 84, 434.22, 36474.5);
INSERT INTO `purchase_detail` VALUES (62, 'PC20251124221713535500087', 39, 'BATCH170580', '2025-11-23', '2027-03-27', 29, 127.12, 3686.48);
INSERT INTO `purchase_detail` VALUES (63, 'PC20251124221713535500087', 23, 'BATCH294528', '2025-07-21', '2026-11-12', 31, 334.44, 10367.6);
INSERT INTO `purchase_detail` VALUES (64, 'PC20251124221713536990466', 13, 'BATCH170245', '2025-09-05', '2028-03-21', 30, 121.73, 3651.9);
INSERT INTO `purchase_detail` VALUES (65, 'PC20251124221713536990466', 24, 'BATCH523174', '2024-12-18', '2026-06-08', 17, 426.44, 7249.48);
INSERT INTO `purchase_detail` VALUES (66, 'PC20251124221713540254727', 3, 'BATCH473433', '2025-01-08', '2027-03-23', 93, 429.55, 39948.1);
INSERT INTO `purchase_detail` VALUES (67, 'PC20251124221713540254727', 18, 'BATCH436507', '2025-05-19', '2027-09-20', 89, 398.88, 35500.3);
INSERT INTO `purchase_detail` VALUES (68, 'PC20251124221713540254727', 40, 'BATCH932934', '2025-08-28', '2027-10-14', 43, 486.25, 20908.8);
INSERT INTO `purchase_detail` VALUES (69, 'PC20251124221713542522659', 15, 'BATCH132461', '2025-10-14', '2028-08-06', 71, 35.74, 2537.54);
INSERT INTO `purchase_detail` VALUES (70, 'PC20251124221713542522659', 25, 'BATCH126117', '2025-06-20', '2026-09-16', 99, 314.39, 31124.6);
INSERT INTO `purchase_detail` VALUES (71, 'PC20251124221713542522659', 20, 'BATCH176800', '2025-01-25', '2027-04-05', 30, 331.05, 9931.5);
INSERT INTO `purchase_detail` VALUES (72, 'PC20251124221713542522659', 4, 'BATCH411770', '2025-10-17', '2028-05-20', 100, 421.01, 42101.0);
INSERT INTO `purchase_detail` VALUES (73, 'PC20251124221713545496749', 44, 'BATCH454763', '2024-12-18', '2026-07-26', 83, 50.34, 4178.22);
INSERT INTO `purchase_detail` VALUES (74, 'PC20251124221713545496749', 39, 'BATCH731764', '2025-07-07', '2026-10-02', 10, 486.64, 4866.4);

-- ----------------------------
-- Table structure for sale
-- ----------------------------
DROP TABLE IF EXISTS `sale`;
CREATE TABLE `sale` (
  `sale_id` varchar(50) COLLATE utf8mb4_unicode_ci NOT NULL,
  `customer_name` varchar(100) COLLATE utf8mb4_unicode_ci DEFAULT NULL,
  `customer_phone` varchar(20) COLLATE utf8mb4_unicode_ci DEFAULT NULL,
  `prescription_no` varchar(50) COLLATE utf8mb4_unicode_ci DEFAULT NULL,
  `warehouse_id` int(11) DEFAULT NULL,
  `sale_date` date NOT NULL,
  `total_amount` float DEFAULT NULL,
  `remark` text COLLATE utf8mb4_unicode_ci,
  `audit_status` int(11) DEFAULT NULL,
  `create_time` datetime DEFAULT NULL,
  PRIMARY KEY (`sale_id`),
  KEY `warehouse_id` (`warehouse_id`)
) ENGINE=MyISAM DEFAULT CHARSET=utf8mb4 COLLATE=utf8mb4_unicode_ci;

-- ----------------------------
-- Records of sale
-- ----------------------------
INSERT INTO `sale` VALUES ('SL20251124221713547798552', '徐秀芳', '18590094907', 'RX491246', 3, '2025-11-23', 0.0, '觉得学习数据服务生活组织.学生汽车实现品牌如此.提高设备免费认为.
质量为了今年学习还是关系不会论坛', 2, '2025-11-24 22:17:14');
INSERT INTO `sale` VALUES ('SL20251124221713552232661', '缪桂英', '13553534805', NULL, 3, '2025-11-23', 0.0, '现在价格国内技术等级一些能力发现.空间经营学校应该生活成为都是.电脑本站部门网上那些单位.
威望注册', 1, '2025-11-24 22:17:14');
INSERT INTO `sale` VALUES ('SL20251124221713554313131', '阎坤', '13696196699', NULL, 3, '2025-11-23', 0.0, '这样成为网站方法.一种可以的人记者起来还是.历史这个内容什么数据今天类型.研究自己到了下载.
软件使', 1, '2025-11-24 22:17:14');
INSERT INTO `sale` VALUES ('SL20251124221713558641847', '林秀芳', '13916574015', 'RX504367', 1, '2025-11-23', 0.0, '文件大学新闻.次数工作制作品牌说明一下价格喜欢.
自己状态但是.这些经济留言原因都是或者这里.以及不', 1, '2025-11-24 22:17:14');
INSERT INTO `sale` VALUES ('SL20251124221713561619721', '刘丹', '13425407939', 'RX117741', 2, '2025-11-23', 0.0, '应该如何内容出现.相关状态以后时间作品今天这个他的.学习有关建设.
不能投资的话组织标准.简介发生已', 1, '2025-11-24 22:17:14');
INSERT INTO `sale` VALUES ('SL20251124221713564637552', '李淑英', '13639068804', NULL, 2, '2025-11-23', 0.0, '解决欢迎等级国内国家免费虽然.成功表示管理生产就是首页.
次数必须电脑可以精华什么精华东西.开始联系', 0, '2025-11-24 22:17:14');
INSERT INTO `sale` VALUES ('SL20251124221713566514051', '张琴', '15271997633', 'RX859526', 1, '2025-11-23', 0.0, '出来一点知道到了工具也是.位置自己重要发表.部门不同影响汽车有关公司.
活动这种业务世界的人谢谢责任', 0, '2025-11-24 22:17:14');
INSERT INTO `sale` VALUES ('SL20251124221713568438421', '赵淑英', '15682079173', NULL, 3, '2025-11-23', 0.0, '开始发展这些处理阅读为了.之间详细作为增加一下.世界世界作为行业开始已经电影.
同时应该首页因为.社', 0, '2025-11-24 22:17:14');
INSERT INTO `sale` VALUES ('SL20251124221713571495532', '周秀兰', '13512982891', NULL, 3, '2025-11-23', 0.0, '地区有些记者东西要求.很多的人正在出现以后.情况一些你们起来图片大家在线解决.
成为一切表示网站.
', 0, '2025-11-24 22:17:14');
INSERT INTO `sale` VALUES ('SL20251124221713573250179', '黄阳', '18714850453', NULL, 1, '2025-11-23', 0.0, '加入工程或者如果.基本没有只有记者浏览精华加入.
无法到了教育知道国内公司.经济发展有些质量提供回复', 2, '2025-11-24 22:17:14');
INSERT INTO `sale` VALUES ('SL20251124221713573835076', '杨帆', '15334532221', 'RX414250', 1, '2025-11-23', 0.0, '地区使用销售操作是否孩子中文.业务当前正在学生.
名称文化不是显示看到控制不能.要求一点重要免费首页', 1, '2025-11-24 22:17:14');
INSERT INTO `sale` VALUES ('SL20251124221713576482703', '郭莉', '13931728120', NULL, 2, '2025-11-23', 0.0, '学生设计设备联系决定.以下无法的话.欢迎学校能力中文根据安全.城市功能阅读不是工作.
工程应用提供一', 0, '2025-11-24 22:17:14');
INSERT INTO `sale` VALUES ('SL20251124221713577314839', '周丽华', '13126551892', NULL, 1, '2025-11-23', 0.0, '出来密码各种地址提供基本控制.要求非常其中分析.
只是而且可能自己.
是一不过简介女人客户.责任学校', 0, '2025-11-24 22:17:14');
INSERT INTO `sale` VALUES ('SL20251124221713579258465', '任慧', '15676125460', NULL, 1, '2025-11-23', 0.0, '有关控制影响.为什什么空间希望.不会我们等级记者操作帖子.
电子地方一下看到不同质量.投资这么国家一', 2, '2025-11-24 22:17:14');
INSERT INTO `sale` VALUES ('SL20251124221713579840295', '徐文', '14769285623', NULL, 1, '2025-11-23', 0.0, '问题比较社会基本.详细完成一样评论必须.
起来一样两个日期下载如果数据.广告就是空间以上是一各种进入', 2, '2025-11-24 22:17:14');
INSERT INTO `sale` VALUES ('SL20251124221713582588887', '杨玉珍', '13197768044', 'RX310503', 1, '2025-11-23', 0.0, '实现北京具有.地区网上完成完全开发如果对于.
网络更多内容其实点击也是.原因帮助男人一种当然开发表示', 2, '2025-11-24 22:17:14');
INSERT INTO `sale` VALUES ('SL20251124221713584483029', '刘林', '15313773724', NULL, 1, '2025-11-23', 0.0, '最后全部说明下载继续两个有限.提高网站部门增加.的话但是目前法律.系列可以回复是一.
其中运行一次中', 1, '2025-11-24 22:17:14');
INSERT INTO `sale` VALUES ('SL20251124221713587386483', '孙敏', '14573254487', NULL, 1, '2025-11-23', 0.0, '系统介绍方法因此.用户作者处理应用大家.
内容人员我们方法还有汽车自己.运行也是本站标准决定发布.基', 2, '2025-11-24 22:17:14');
INSERT INTO `sale` VALUES ('SL20251124221713590597400', '车欢', '14585465542', 'RX319272', 3, '2025-11-23', 0.0, '部门个人当然朋友不同人员特别项目.你的项目注册开发.来源美国朋友推荐.
她的使用控制方式首页.注册一', 0, '2025-11-24 22:17:14');
INSERT INTO `sale` VALUES ('SL20251124221713591583751', '程杰', '14539352731', 'RX909241', 2, '2025-11-23', 0.0, '作品部分正在手机很多选择.管理大学时候使用作品上海学生.阅读因此环境类别.
国际只要个人程序全部.电', 1, '2025-11-24 22:17:14');
INSERT INTO `sale` VALUES ('SL20251124221713595772314', '唐玲', '14709531349', 'RX163799', 1, '2025-11-23', 0.0, '功能必须记者更多.单位如此客户留言之间.
感觉觉得研究需要.通过会员安全深圳提高感觉.必须生产资源运', 0, '2025-11-24 22:17:14');
INSERT INTO `sale` VALUES ('SL20251124221713597171650', '郭海燕', '15139312442', NULL, 3, '2025-11-23', 0.0, '阅读应该有些解决其他.服务参加经验汽车次数经济标准自己.朋友他的人民一下准备如果.
业务所有语言.游', 1, '2025-11-24 22:17:14');
INSERT INTO `sale` VALUES ('SL20251124221713597654958', '李英', '15142373406', 'RX751289', 3, '2025-11-23', 0.0, '其实其实回复次数手机希望部分介绍.地址包括这些操作还是一定.应用一点空间今年.
都是正在决定更新地址', 2, '2025-11-24 22:17:14');
INSERT INTO `sale` VALUES ('SL20251124221713602615447', '任芳', '18178656755', 'RX226314', 3, '2025-11-23', 0.0, '资料我的然后这个首页时候没有电话.作为全部其他因此质量社区情况.
手机过程下载一样.方面只是全国今天', 1, '2025-11-24 22:17:14');
INSERT INTO `sale` VALUES ('SL20251124221713604276212', '郭兰英', '13089833715', 'RX814298', 1, '2025-11-23', 0.0, '空间类别工作文化拥有成为.一切企业的是中心女人项目不能已经.
音乐下载基本两个你们等级任何.用户学生', 2, '2025-11-24 22:17:14');

-- ----------------------------
-- Table structure for sale_detail
-- ----------------------------
DROP TABLE IF EXISTS `sale_detail`;
CREATE TABLE `sale_detail` (
  `id` int(11) NOT NULL AUTO_INCREMENT,
  `sale_id` varchar(50) COLLATE utf8mb4_unicode_ci DEFAULT NULL,
  `medicine_id` int(11) DEFAULT NULL,
  `quantity` int(11) NOT NULL,
  `unit_price` float NOT NULL,
  `amount` float DEFAULT NULL,
  PRIMARY KEY (`id`),
  KEY `sale_id` (`sale_id`),
  KEY `medicine_id` (`medicine_id`)
) ENGINE=MyISAM AUTO_INCREMENT=52 DEFAULT CHARSET=utf8mb4 COLLATE=utf8mb4_unicode_ci;

-- ----------------------------
-- Records of sale_detail
-- ----------------------------
INSERT INTO `sale_detail` VALUES (1, 'SL20251124221713547798552', 30, 25, 171.67, 4291.75);
INSERT INTO `sale_detail` VALUES (2, 'SL20251124221713547798552', 48, 7, 157.54, 1102.78);
INSERT INTO `sale_detail` VALUES (3, 'SL20251124221713547798552', 12, 20, 79.53, 1590.6);
INSERT INTO `sale_detail` VALUES (4, 'SL20251124221713552232661', 2, 16, 74.73, 1195.68);
INSERT INTO `sale_detail` VALUES (5, 'SL20251124221713554313131', 40, 19, 42.36, 804.84);
INSERT INTO `sale_detail` VALUES (6, 'SL20251124221713554313131', 22, 26, 157.7, 4100.2);
INSERT INTO `sale_detail` VALUES (7, 'SL20251124221713554313131', 6, 19, 150.0, 2850.0);
INSERT INTO `sale_detail` VALUES (8, 'SL20251124221713558641847', 17, 1, 15.65, 15.65);
INSERT INTO `sale_detail` VALUES (9, 'SL20251124221713561619721', 37, 19, 109.82, 2086.58);
INSERT INTO `sale_detail` VALUES (10, 'SL20251124221713561619721', 7, 4, 149.15, 596.6);
INSERT INTO `sale_detail` VALUES (11, 'SL20251124221713564637552', 19, 17, 63.98, 1087.66);
INSERT INTO `sale_detail` VALUES (12, 'SL20251124221713566514051', 11, 8, 70.57, 564.56);
INSERT INTO `sale_detail` VALUES (13, 'SL20251124221713566514051', 1, 7, 104.7, 732.9);
INSERT INTO `sale_detail` VALUES (14, 'SL20251124221713568438421', 43, 13, 192.41, 2501.33);
INSERT INTO `sale_detail` VALUES (15, 'SL20251124221713568438421', 21, 2, 39.63, 79.26);
INSERT INTO `sale_detail` VALUES (16, 'SL20251124221713568438421', 15, 24, 149.02, 3576.48);
INSERT INTO `sale_detail` VALUES (17, 'SL20251124221713571495532', 49, 19, 90.05, 1710.95);
INSERT INTO `sale_detail` VALUES (18, 'SL20251124221713571495532', 45, 12, 99.32, 1191.84);
INSERT INTO `sale_detail` VALUES (19, 'SL20251124221713573250179', 1, 15, 104.7, 1570.5);
INSERT INTO `sale_detail` VALUES (20, 'SL20251124221713573250179', 45, 12, 99.32, 1191.84);
INSERT INTO `sale_detail` VALUES (21, 'SL20251124221713573835076', 49, 9, 90.05, 810.45);
INSERT INTO `sale_detail` VALUES (22, 'SL20251124221713573835076', 22, 30, 157.7, 4731.0);
INSERT INTO `sale_detail` VALUES (23, 'SL20251124221713573835076', 14, 21, 192.13, 4034.73);
INSERT INTO `sale_detail` VALUES (24, 'SL20251124221713576482703', 42, 18, 156.26, 2812.68);
INSERT INTO `sale_detail` VALUES (25, 'SL20251124221713577314839', 12, 30, 79.53, 2385.9);
INSERT INTO `sale_detail` VALUES (26, 'SL20251124221713577314839', 47, 4, 181.01, 724.04);
INSERT INTO `sale_detail` VALUES (27, 'SL20251124221713579258465', 48, 13, 157.54, 2048.02);
INSERT INTO `sale_detail` VALUES (28, 'SL20251124221713579840295', 10, 7, 82.77, 579.39);
INSERT INTO `sale_detail` VALUES (29, 'SL20251124221713579840295', 34, 4, 38.73, 154.92);
INSERT INTO `sale_detail` VALUES (30, 'SL20251124221713579840295', 8, 17, 30.03, 510.51);
INSERT INTO `sale_detail` VALUES (31, 'SL20251124221713582588887', 34, 16, 38.73, 619.68);
INSERT INTO `sale_detail` VALUES (32, 'SL20251124221713582588887', 41, 15, 31.29, 469.35);
INSERT INTO `sale_detail` VALUES (33, 'SL20251124221713582588887', 33, 29, 68.51, 1986.79);
INSERT INTO `sale_detail` VALUES (34, 'SL20251124221713584483029', 15, 16, 149.02, 2384.32);
INSERT INTO `sale_detail` VALUES (35, 'SL20251124221713584483029', 23, 3, 122.02, 366.06);
INSERT INTO `sale_detail` VALUES (36, 'SL20251124221713584483029', 5, 2, 60.18, 120.36);
INSERT INTO `sale_detail` VALUES (37, 'SL20251124221713587386483', 13, 4, 192.96, 771.84);
INSERT INTO `sale_detail` VALUES (38, 'SL20251124221713587386483', 39, 15, 65.17, 977.55);
INSERT INTO `sale_detail` VALUES (39, 'SL20251124221713590597400', 15, 12, 149.02, 1788.24);
INSERT INTO `sale_detail` VALUES (40, 'SL20251124221713590597400', 41, 1, 31.29, 31.29);
INSERT INTO `sale_detail` VALUES (41, 'SL20251124221713590597400', 34, 2, 38.73, 77.46);
INSERT INTO `sale_detail` VALUES (42, 'SL20251124221713591583751', 28, 1, 39.75, 39.75);
INSERT INTO `sale_detail` VALUES (43, 'SL20251124221713591583751', 24, 6, 167.2, 1003.2);
INSERT INTO `sale_detail` VALUES (44, 'SL20251124221713595772314', 3, 1, 106.87, 106.87);
INSERT INTO `sale_detail` VALUES (45, 'SL20251124221713597171650', 49, 23, 90.05, 2071.15);
INSERT INTO `sale_detail` VALUES (46, 'SL20251124221713597654958', 50, 12, 74.82, 897.84);
INSERT INTO `sale_detail` VALUES (47, 'SL20251124221713597654958', 20, 22, 58.96, 1297.12);
INSERT INTO `sale_detail` VALUES (48, 'SL20251124221713597654958', 38, 18, 51.68, 930.24);
INSERT INTO `sale_detail` VALUES (49, 'SL20251124221713602615447', 35, 20, 14.84, 296.8);
INSERT INTO `sale_detail` VALUES (50, 'SL20251124221713604276212', 41, 14, 31.29, 438.06);
INSERT INTO `sale_detail` VALUES (51, 'SL20251124221713604276212', 9, 9, 95.29, 857.61);

-- ----------------------------
-- Table structure for stock_check
-- ----------------------------
DROP TABLE IF EXISTS `stock_check`;
CREATE TABLE `stock_check` (
  `check_id` varchar(50) COLLATE utf8mb4_unicode_ci NOT NULL,
  `checker` varchar(50) COLLATE utf8mb4_unicode_ci NOT NULL,
  `check_date` date NOT NULL,
  `remark` text COLLATE utf8mb4_unicode_ci,
  `create_time` datetime DEFAULT NULL,
  PRIMARY KEY (`check_id`)
) ENGINE=MyISAM DEFAULT CHARSET=utf8mb4 COLLATE=utf8mb4_unicode_ci;

-- ----------------------------
-- Records of stock_check
-- ----------------------------
INSERT INTO `stock_check` VALUES ('CHECK20251124221713607665005', '班玉珍', '2025-11-23', '经验使用表示用户以及.
系统自己个人之后经验以后.
处理汽车其实感觉如何.一样经济当然程序项目中国.', '2025-11-24 22:17:14');
INSERT INTO `stock_check` VALUES ('CHECK20251124221713617541068', '谢洋', '2025-11-23', '继续详细有些北京男人需要.作品人民重要方法责任.
登录以后作品网上重要积分进行重要.她的也是最大认为', '2025-11-24 22:17:14');
INSERT INTO `stock_check` VALUES ('CHECK20251124221713626373508', '王玉兰', '2025-11-23', '工作内容名称可能生活以下只要.以上自己环境环境比较文件.
任何空间只要阅读社区.城市有关学校单位资源', '2025-11-24 22:17:14');
INSERT INTO `stock_check` VALUES ('CHECK20251124221713632770443', '管荣', '2025-11-23', '美国经验类别之后.记者功能深圳关系安全网络.论坛组织关于关系.
之后解决实现类别空间以上.数据密码教', '2025-11-24 22:17:14');
INSERT INTO `stock_check` VALUES ('CHECK20251124221713636293337', '陈宇', '2025-11-23', '全部事情报告.公司汽车状态情况今年因此.
资料管理来源中国时间密码其中.因此状态你的必须类别最新公司', '2025-11-24 22:17:14');
INSERT INTO `stock_check` VALUES ('CHECK20251124221713642736505', '邓慧', '2025-11-23', '这种注意销售人员更多类型不是.发布那么国家时间.管理推荐科技免费电脑部分帖子信息.
应该需要产品责任', '2025-11-24 22:17:14');
INSERT INTO `stock_check` VALUES ('CHECK20251124221713646461781', '罗云', '2025-11-23', '还有报告大学位置.之间登录行业如果进行.
世界法律任何项目这样.成为东西之间为什.
美国当然留言不是', '2025-11-24 22:17:14');
INSERT INTO `stock_check` VALUES ('CHECK20251124221713649520324', '吴莹', '2025-11-23', '计划工具看到安全关系你们今年.之后这里这种希望.
以及如此学校说明只是.全部主题都是中心以上以上.
', '2025-11-24 22:17:14');

-- ----------------------------
-- Table structure for stock_check_detail
-- ----------------------------
DROP TABLE IF EXISTS `stock_check_detail`;
CREATE TABLE `stock_check_detail` (
  `id` int(11) NOT NULL AUTO_INCREMENT,
  `check_id` varchar(50) COLLATE utf8mb4_unicode_ci DEFAULT NULL,
  `medicine_id` int(11) DEFAULT NULL,
  `system_stock` int(11) NOT NULL,
  `actual_stock` int(11) NOT NULL,
  `diff` int(11) DEFAULT NULL,
  PRIMARY KEY (`id`),
  KEY `check_id` (`check_id`),
  KEY `medicine_id` (`medicine_id`)
) ENGINE=MyISAM AUTO_INCREMENT=81 DEFAULT CHARSET=utf8mb4 COLLATE=utf8mb4_unicode_ci;

-- ----------------------------
-- Records of stock_check_detail
-- ----------------------------
INSERT INTO `stock_check_detail` VALUES (1, 'CHECK20251124221713607665005', 25, 218, 214, -4);
INSERT INTO `stock_check_detail` VALUES (2, 'CHECK20251124221713607665005', 42, 280, 282, 2);
INSERT INTO `stock_check_detail` VALUES (3, 'CHECK20251124221713607665005', 13, 193, 198, 5);
INSERT INTO `stock_check_detail` VALUES (4, 'CHECK20251124221713607665005', 50, 723, 724, 1);
INSERT INTO `stock_check_detail` VALUES (5, 'CHECK20251124221713607665005', 35, 465, 463, -2);
INSERT INTO `stock_check_detail` VALUES (6, 'CHECK20251124221713607665005', 22, 378, 376, -2);
INSERT INTO `stock_check_detail` VALUES (7, 'CHECK20251124221713607665005', 23, 210, 209, -1);
INSERT INTO `stock_check_detail` VALUES (8, 'CHECK20251124221713607665005', 16, 308, 308, 0);
INSERT INTO `stock_check_detail` VALUES (9, 'CHECK20251124221713607665005', 32, 203, 199, -4);
INSERT INTO `stock_check_detail` VALUES (10, 'CHECK20251124221713607665005', 44, 634, 638, 4);
INSERT INTO `stock_check_detail` VALUES (11, 'CHECK20251124221713617541068', 29, 633, 638, 5);
INSERT INTO `stock_check_detail` VALUES (12, 'CHECK20251124221713617541068', 13, 193, 190, -3);
INSERT INTO `stock_check_detail` VALUES (13, 'CHECK20251124221713617541068', 14, 345, 341, -4);
INSERT INTO `stock_check_detail` VALUES (14, 'CHECK20251124221713617541068', 20, 480, 484, 4);
INSERT INTO `stock_check_detail` VALUES (15, 'CHECK20251124221713617541068', 19, 186, 191, 5);
INSERT INTO `stock_check_detail` VALUES (16, 'CHECK20251124221713617541068', 46, 69, 70, 1);
INSERT INTO `stock_check_detail` VALUES (17, 'CHECK20251124221713617541068', 23, 210, 208, -2);
INSERT INTO `stock_check_detail` VALUES (18, 'CHECK20251124221713617541068', 38, 268, 269, 1);
INSERT INTO `stock_check_detail` VALUES (19, 'CHECK20251124221713617541068', 42, 280, 277, -3);
INSERT INTO `stock_check_detail` VALUES (20, 'CHECK20251124221713617541068', 31, 416, 418, 2);
INSERT INTO `stock_check_detail` VALUES (21, 'CHECK20251124221713626373508', 46, 69, 65, -4);
INSERT INTO `stock_check_detail` VALUES (22, 'CHECK20251124221713626373508', 13, 193, 192, -1);
INSERT INTO `stock_check_detail` VALUES (23, 'CHECK20251124221713626373508', 16, 308, 307, -1);
INSERT INTO `stock_check_detail` VALUES (24, 'CHECK20251124221713626373508', 18, 572, 572, 0);
INSERT INTO `stock_check_detail` VALUES (25, 'CHECK20251124221713626373508', 12, 434, 429, -5);
INSERT INTO `stock_check_detail` VALUES (26, 'CHECK20251124221713626373508', 33, 382, 379, -3);
INSERT INTO `stock_check_detail` VALUES (27, 'CHECK20251124221713626373508', 35, 465, 464, -1);
INSERT INTO `stock_check_detail` VALUES (28, 'CHECK20251124221713626373508', 3, 405, 408, 3);
INSERT INTO `stock_check_detail` VALUES (29, 'CHECK20251124221713626373508', 27, 215, 213, -2);
INSERT INTO `stock_check_detail` VALUES (30, 'CHECK20251124221713626373508', 34, 171, 172, 1);
INSERT INTO `stock_check_detail` VALUES (31, 'CHECK20251124221713632770443', 3, 405, 401, -4);
INSERT INTO `stock_check_detail` VALUES (32, 'CHECK20251124221713632770443', 17, 377, 380, 3);
INSERT INTO `stock_check_detail` VALUES (33, 'CHECK20251124221713632770443', 34, 171, 172, 1);
INSERT INTO `stock_check_detail` VALUES (34, 'CHECK20251124221713632770443', 49, 137, 142, 5);
INSERT INTO `stock_check_detail` VALUES (35, 'CHECK20251124221713632770443', 20, 480, 478, -2);
INSERT INTO `stock_check_detail` VALUES (36, 'CHECK20251124221713632770443', 29, 633, 631, -2);
INSERT INTO `stock_check_detail` VALUES (37, 'CHECK20251124221713632770443', 42, 280, 281, 1);
INSERT INTO `stock_check_detail` VALUES (38, 'CHECK20251124221713632770443', 50, 723, 723, 0);
INSERT INTO `stock_check_detail` VALUES (39, 'CHECK20251124221713632770443', 32, 203, 203, 0);
INSERT INTO `stock_check_detail` VALUES (40, 'CHECK20251124221713632770443', 1, 88, 86, -2);
INSERT INTO `stock_check_detail` VALUES (41, 'CHECK20251124221713636293337', 45, 365, 361, -4);
INSERT INTO `stock_check_detail` VALUES (42, 'CHECK20251124221713636293337', 23, 210, 214, 4);
INSERT INTO `stock_check_detail` VALUES (43, 'CHECK20251124221713636293337', 48, 225, 223, -2);
INSERT INTO `stock_check_detail` VALUES (44, 'CHECK20251124221713636293337', 4, 475, 478, 3);
INSERT INTO `stock_check_detail` VALUES (45, 'CHECK20251124221713636293337', 21, 412, 409, -3);
INSERT INTO `stock_check_detail` VALUES (46, 'CHECK20251124221713636293337', 15, 275, 277, 2);
INSERT INTO `stock_check_detail` VALUES (47, 'CHECK20251124221713636293337', 37, 520, 519, -1);
INSERT INTO `stock_check_detail` VALUES (48, 'CHECK20251124221713636293337', 17, 377, 382, 5);
INSERT INTO `stock_check_detail` VALUES (49, 'CHECK20251124221713636293337', 44, 634, 631, -3);
INSERT INTO `stock_check_detail` VALUES (50, 'CHECK20251124221713636293337', 50, 723, 726, 3);
INSERT INTO `stock_check_detail` VALUES (51, 'CHECK20251124221713642736505', 3, 405, 404, -1);
INSERT INTO `stock_check_detail` VALUES (52, 'CHECK20251124221713642736505', 24, 511, 507, -4);
INSERT INTO `stock_check_detail` VALUES (53, 'CHECK20251124221713642736505', 7, 157, 152, -5);
INSERT INTO `stock_check_detail` VALUES (54, 'CHECK20251124221713642736505', 34, 171, 166, -5);
INSERT INTO `stock_check_detail` VALUES (55, 'CHECK20251124221713642736505', 33, 382, 385, 3);
INSERT INTO `stock_check_detail` VALUES (56, 'CHECK20251124221713642736505', 37, 520, 515, -5);
INSERT INTO `stock_check_detail` VALUES (57, 'CHECK20251124221713642736505', 45, 365, 368, 3);
INSERT INTO `stock_check_detail` VALUES (58, 'CHECK20251124221713642736505', 1, 88, 85, -3);
INSERT INTO `stock_check_detail` VALUES (59, 'CHECK20251124221713642736505', 38, 268, 263, -5);
INSERT INTO `stock_check_detail` VALUES (60, 'CHECK20251124221713642736505', 39, 374, 379, 5);
INSERT INTO `stock_check_detail` VALUES (61, 'CHECK20251124221713646461781', 4, 475, 478, 3);
INSERT INTO `stock_check_detail` VALUES (62, 'CHECK20251124221713646461781', 2, 226, 230, 4);
INSERT INTO `stock_check_detail` VALUES (63, 'CHECK20251124221713646461781', 31, 416, 411, -5);
INSERT INTO `stock_check_detail` VALUES (64, 'CHECK20251124221713646461781', 23, 210, 212, 2);
INSERT INTO `stock_check_detail` VALUES (65, 'CHECK20251124221713646461781', 14, 345, 340, -5);
INSERT INTO `stock_check_detail` VALUES (66, 'CHECK20251124221713646461781', 44, 634, 639, 5);
INSERT INTO `stock_check_detail` VALUES (67, 'CHECK20251124221713646461781', 40, 330, 329, -1);
INSERT INTO `stock_check_detail` VALUES (68, 'CHECK20251124221713646461781', 32, 203, 205, 2);
INSERT INTO `stock_check_detail` VALUES (69, 'CHECK20251124221713646461781', 27, 215, 216, 1);
INSERT INTO `stock_check_detail` VALUES (70, 'CHECK20251124221713646461781', 13, 193, 192, -1);
INSERT INTO `stock_check_detail` VALUES (71, 'CHECK20251124221713649520324', 47, 187, 182, -5);
INSERT INTO `stock_check_detail` VALUES (72, 'CHECK20251124221713649520324', 34, 171, 167, -4);
INSERT INTO `stock_check_detail` VALUES (73, 'CHECK20251124221713649520324', 2, 226, 223, -3);
INSERT INTO `stock_check_detail` VALUES (74, 'CHECK20251124221713649520324', 50, 723, 720, -3);
INSERT INTO `stock_check_detail` VALUES (75, 'CHECK20251124221713649520324', 45, 365, 364, -1);
INSERT INTO `stock_check_detail` VALUES (76, 'CHECK20251124221713649520324', 35, 465, 464, -1);
INSERT INTO `stock_check_detail` VALUES (77, 'CHECK20251124221713649520324', 13, 193, 194, 1);
INSERT INTO `stock_check_detail` VALUES (78, 'CHECK20251124221713649520324', 42, 280, 282, 2);
INSERT INTO `stock_check_detail` VALUES (79, 'CHECK20251124221713649520324', 46, 69, 73, 4);
INSERT INTO `stock_check_detail` VALUES (80, 'CHECK20251124221713649520324', 40, 330, 332, 2);

-- ----------------------------
-- Table structure for supplier
-- ----------------------------
DROP TABLE IF EXISTS `supplier`;
CREATE TABLE `supplier` (
  `id` int(11) NOT NULL AUTO_INCREMENT,
  `name` varchar(100) COLLATE utf8mb4_unicode_ci NOT NULL,
  `license_number` varchar(50) COLLATE utf8mb4_unicode_ci DEFAULT NULL,
  `contact` varchar(50) COLLATE utf8mb4_unicode_ci DEFAULT NULL,
  `phone` varchar(20) COLLATE utf8mb4_unicode_ci DEFAULT NULL,
  `address` varchar(200) COLLATE utf8mb4_unicode_ci DEFAULT NULL,
  `create_time` datetime DEFAULT NULL,
  PRIMARY KEY (`id`),
  UNIQUE KEY `name` (`name`),
  UNIQUE KEY `license_number` (`license_number`)
) ENGINE=MyISAM AUTO_INCREMENT=16 DEFAULT CHARSET=utf8mb4 COLLATE=utf8mb4_unicode_ci;

-- ----------------------------
-- Records of supplier
-- ----------------------------
INSERT INTO `supplier` VALUES (1, '创联世纪信息有限公司医药公司', '药经271655', '聂峰', '13503211594', '澳门特别行政区涛市秀英关岭街H座 934858', '2025-11-24 22:17:13');
INSERT INTO `supplier` VALUES (2, '恒聪百汇传媒有限公司医药公司', '药经317324', '刘秀芳', '18669132693', '黑龙江省兰州市安次江街m座 706298', '2025-11-24 22:17:13');
INSERT INTO `supplier` VALUES (3, '戴硕电子信息有限公司医药公司', '药经813964', '蒋伟', '13156721951', '台湾省兰英市六枝特永安街B座 492393', '2025-11-24 22:17:13');
INSERT INTO `supplier` VALUES (4, '开发区世创科技有限公司医药公司', '药经520434', '杨婷婷', '15643096457', '福建省英县浔阳黄街t座 529491', '2025-11-24 22:17:13');
INSERT INTO `supplier` VALUES (5, '艾提科信信息有限公司医药公司', '药经392463', '庄洋', '18215371029', '贵州省建华市南溪西宁路o座 719836', '2025-11-24 22:17:13');
INSERT INTO `supplier` VALUES (6, '商软冠联网络有限公司医药公司', '药经728519', '刘岩', '13147941551', '上海市杭州市蓟州王路R座 396692', '2025-11-24 22:17:13');
INSERT INTO `supplier` VALUES (7, '黄石金承信息有限公司医药公司', '药经690894', '王红梅', '18632247806', '浙江省平市吉区王路r座 589716', '2025-11-24 22:17:13');
INSERT INTO `supplier` VALUES (8, 'MBP软件网络有限公司医药公司', '药经504084', '谢岩', '18086363631', '青海省荆门市上街嘉禾街b座 763938', '2025-11-24 22:17:13');
INSERT INTO `supplier` VALUES (9, '黄石金承传媒有限公司医药公司', '药经441676', '周桂荣', '18881942204', '宁夏回族自治区梅市大兴龙路Y座 211248', '2025-11-24 22:17:13');
INSERT INTO `supplier` VALUES (10, '联通时科科技有限公司医药公司', '药经321903', '罗建华', '13034370657', '河北省张家港县海港刘街Q座 782703', '2025-11-24 22:17:13');
INSERT INTO `supplier` VALUES (11, '晖来计算机科技有限公司医药公司', '药经468488', '王欣', '13302027635', '黑龙江省坤市沙市刘路O座 269426', '2025-11-24 22:17:13');
INSERT INTO `supplier` VALUES (12, '趋势网络有限公司医药公司', '药经710513', '许玉珍', '15618302333', '广西壮族自治区静市大东张路S座 989146', '2025-11-24 22:17:13');
INSERT INTO `supplier` VALUES (13, '昊嘉信息有限公司医药公司', '药经827702', '萧桂荣', '13977745380', '北京市银川县高坪沈阳路x座 683228', '2025-11-24 22:17:13');
INSERT INTO `supplier` VALUES (14, '昊嘉传媒有限公司医药公司', '药经222296', '甘宁', '13021756235', '江西省桂香县金平吴街S座 995439', '2025-11-24 22:17:13');
INSERT INTO `supplier` VALUES (15, '鸿睿思博网络有限公司医药公司', '药经520122', '王娜', '13374476027', '湖北省秀珍市白云嘉禾街j座 508292', '2025-11-24 22:17:13');

-- ----------------------------
-- Table structure for unit
-- ----------------------------
DROP TABLE IF EXISTS `unit`;
CREATE TABLE `unit` (
  `id` int(11) NOT NULL AUTO_INCREMENT,
  `name` varchar(50) COLLATE utf8mb4_unicode_ci NOT NULL,
  `abbreviation` varchar(20) COLLATE utf8mb4_unicode_ci DEFAULT NULL,
  PRIMARY KEY (`id`),
  UNIQUE KEY `name` (`name`)
) ENGINE=MyISAM AUTO_INCREMENT=9 DEFAULT CHARSET=utf8mb4 COLLATE=utf8mb4_unicode_ci;

-- ----------------------------
-- Records of unit
-- ----------------------------
INSERT INTO `unit` VALUES (1, '盒', '盒');
INSERT INTO `unit` VALUES (2, '瓶', '瓶');
INSERT INTO `unit` VALUES (3, '支', '支');
INSERT INTO `unit` VALUES (4, '片', '片');
INSERT INTO `unit` VALUES (5, '粒', '粒');
INSERT INTO `unit` VALUES (6, '袋', '袋');
INSERT INTO `unit` VALUES (7, '瓶装', '瓶');
INSERT INTO `unit` VALUES (8, '盘', '盘');

-- ----------------------------
-- Table structure for user
-- ----------------------------
DROP TABLE IF EXISTS `user`;
CREATE TABLE `user` (
  `id` int(11) NOT NULL AUTO_INCREMENT,
  `username` varchar(50) COLLATE utf8mb4_unicode_ci NOT NULL,
  `password` varchar(200) COLLATE utf8mb4_unicode_ci NOT NULL,
  `real_name` varchar(50) COLLATE utf8mb4_unicode_ci DEFAULT NULL,
  `role` varchar(20) COLLATE utf8mb4_unicode_ci DEFAULT NULL,
  `is_active` int(11) DEFAULT NULL,
  `create_time` datetime DEFAULT NULL,
  `last_login` datetime DEFAULT NULL,
  PRIMARY KEY (`id`),
  UNIQUE KEY `username` (`username`)
) ENGINE=MyISAM AUTO_INCREMENT=2 DEFAULT CHARSET=utf8mb4 COLLATE=utf8mb4_unicode_ci;

-- ----------------------------
-- Records of user
-- ----------------------------
INSERT INTO `user` VALUES (1, 'admin', 'scrypt:32768:8:1$VdmwScCgfGmSpYjs$3c42dbb493b177044d916662098b49d352846b81aefb9840c24f9d063f2c718f16a867e3889094cb1cf8dd1dcf1c76b733b25c425a55ee56bf7bab75f7d4029a', '系统管理员', 'admin', 1, '2025-11-24 23:15:25', '2025-11-24 23:23:06');

-- ----------------------------
-- Table structure for warehouse
-- ----------------------------
DROP TABLE IF EXISTS `warehouse`;
CREATE TABLE `warehouse` (
  `id` int(11) NOT NULL AUTO_INCREMENT,
  `name` varchar(100) COLLATE utf8mb4_unicode_ci NOT NULL,
  `warehouse_type` varchar(50) COLLATE utf8mb4_unicode_ci DEFAULT NULL,
  `location` varchar(200) COLLATE utf8mb4_unicode_ci DEFAULT NULL,
  `manager` varchar(50) COLLATE utf8mb4_unicode_ci DEFAULT NULL,
  `phone` varchar(20) COLLATE utf8mb4_unicode_ci DEFAULT NULL,
  `is_active` int(11) DEFAULT NULL,
  PRIMARY KEY (`id`),
  UNIQUE KEY `name` (`name`),
  UNIQUE KEY `location` (`location`)
) ENGINE=MyISAM AUTO_INCREMENT=5 DEFAULT CHARSET=utf8mb4 COLLATE=utf8mb4_unicode_ci;

-- ----------------------------
-- Records of warehouse
-- ----------------------------
INSERT INTO `warehouse` VALUES (1, '药品仓库1', '常温库', '贵州省广州县龙潭辛集路D座 130434', '李宇', '18693480387', 1);
INSERT INTO `warehouse` VALUES (2, '药品仓库2', '阴凉库', '内蒙古自治区畅县沙市杨街r座 478173', '杨阳', '18093890164', 1);
INSERT INTO `warehouse` VALUES (3, '药品仓库3', '冷藏库', '湖北省金凤市沈河查路W座 986392', '张辉', '14520600683', 1);

SET FOREIGN_KEY_CHECKS = 1;
